<?xml version="1.0"?>
<deformerWeight>
  <headerInfo fileName="E:/code/my_code/Maya_PY3_plug-in/2023/scratch_file/MayaWeightExportImportWeightProvisionalFolder/pCube7.xml" worldMatrix="1.000000 0.000000 0.000000 0.000000 0.000000 1.000000 0.000000 0.000000 0.000000 0.000000 1.000000 0.000000 0.000000 0.000000 0.000000 1.000000 "/>
  <shape name="pCube7Shape" group="0" stride="3" size="24" max="23">
    <point index="0" value=" 0.250000 0.250000 1.750000"/>
    <point index="1" value=" -0.250000 0.250000 1.750000"/>
    <point index="2" value=" 0.250000 -0.250000 1.750000"/>
    <point index="3" value=" -0.250000 -0.250000 1.750000"/>
    <point index="4" value=" 0.250000 -0.250000 2.250000"/>
    <point index="5" value=" -0.250000 -0.250000 2.250000"/>
    <point index="6" value=" 0.250000 0.250000 2.250000"/>
    <point index="7" value=" -0.250000 0.250000 2.250000"/>
    <point index="8" value=" 0.250000 0.250000 0.750000"/>
    <point index="9" value=" -0.250000 0.250000 0.750000"/>
    <point index="10" value=" 0.250000 -0.250000 0.750000"/>
    <point index="11" value=" -0.250000 -0.250000 0.750000"/>
    <point index="12" value=" 0.250000 -0.250000 1.250000"/>
    <point index="13" value=" -0.250000 -0.250000 1.250000"/>
    <point index="14" value=" 0.250000 0.250000 1.250000"/>
    <point index="15" value=" -0.250000 0.250000 1.250000"/>
    <point index="16" value=" 0.250000 0.250000 -0.250000"/>
    <point index="17" value=" -0.250000 0.250000 -0.250000"/>
    <point index="18" value=" 0.250000 -0.250000 -0.250000"/>
    <point index="19" value=" -0.250000 -0.250000 -0.250000"/>
    <point index="20" value=" 0.250000 -0.250000 0.250000"/>
    <point index="21" value=" -0.250000 -0.250000 0.250000"/>
    <point index="22" value=" 0.250000 0.250000 0.250000"/>
    <point index="23" value=" -0.250000 0.250000 0.250000"/>
  </shape>
  <weights deformer="skinCluster5" source="joint1" shape="pCube7Shape" layer="0" defaultValue="0.000" size="8" max="23">
    <point index="16" value="1.000"/>
    <point index="17" value="1.000"/>
    <point index="18" value="1.000"/>
    <point index="19" value="1.000"/>
    <point index="20" value="1.000"/>
    <point index="21" value="1.000"/>
    <point index="22" value="1.000"/>
    <point index="23" value="1.000"/>
  </weights>
  <weights deformer="skinCluster5" source="joint2" shape="pCube7Shape" layer="1" defaultValue="0.000" size="8" max="15">
    <point index="8" value="1.000"/>
    <point index="9" value="1.000"/>
    <point index="10" value="1.000"/>
    <point index="11" value="1.000"/>
    <point index="12" value="1.000"/>
    <point index="13" value="1.000"/>
    <point index="14" value="1.000"/>
    <point index="15" value="1.000"/>
  </weights>
  <weights deformer="skinCluster5" source="joint3" shape="pCube7Shape" layer="2" defaultValue="0.000" size="8" max="7">
    <point index="0" value="1.000"/>
    <point index="1" value="1.000"/>
    <point index="2" value="1.000"/>
    <point index="3" value="1.000"/>
    <point index="4" value="1.000"/>
    <point index="5" value="1.000"/>
    <point index="6" value="1.000"/>
    <point index="7" value="1.000"/>
  </weights>
</deformerWeight>
